{
    "accuracy": 0.9605381165919282,
    "precision": 1.0,
    "recall": 0.7046979865771812,
    "f1_score": 0.8267716535433071
}