{
    "accuracy": 0.9031390134529148,
    "precision": 1.0,
    "recall": 0.2751677852348993,
    "f1_score": 0.43157894736842106
}